pandas,csv,500000,1,0.05915999412536621
pandas,csv,500000,2,0.04639601707458496
pandas,csv,500000,3,0.03948855400085449
pandas,csv,500000,4,0.041445016860961914
pandas,csv,500000,5,0.03856658935546875
pandas,csv,500000,6,0.04142475128173828
pandas,csv,500000,7,0.03838086128234863
pandas,csv,500000,8,0.04129958152770996
pandas,csv,500000,9,0.03935575485229492
pandas,csv,500000,10,0.04201102256774902
pandas,csv,500000,11,0.03872179985046387
pandas,csv,500000,12,0.04159975051879883
pandas,csv,1000000,1,0.10693025588989258
pandas,csv,1000000,2,0.08452630043029785
pandas,csv,1000000,3,0.07326960563659668
pandas,csv,1000000,4,0.07543158531188965
pandas,csv,1000000,5,0.06996893882751465
pandas,csv,1000000,6,0.07156944274902344
pandas,csv,1000000,7,0.07517862319946289
pandas,csv,1000000,8,0.0692439079284668
pandas,csv,1000000,9,0.0703573226928711
pandas,csv,1000000,10,0.0756521224975586
pandas,csv,1000000,11,0.07279038429260254
pandas,csv,1000000,12,0.07993412017822266
pandas,csv,5000000,1,0.4757680892944336
pandas,csv,5000000,2,0.4155006408691406
pandas,csv,5000000,3,0.41976356506347656
pandas,csv,5000000,4,0.4176325798034668
pandas,csv,5000000,5,0.41814231872558594
pandas,csv,5000000,6,0.42042064666748047
pandas,csv,5000000,7,0.41901469230651855
pandas,csv,5000000,8,0.43145275115966797
pandas,csv,5000000,9,0.4187197685241699
pandas,csv,5000000,10,0.42275357246398926
pandas,csv,5000000,11,0.41710352897644043
pandas,csv,5000000,12,0.4216628074645996
pandas,csv,10000000,1,0.9569077491760254
pandas,csv,10000000,2,0.8417880535125732
pandas,csv,10000000,3,0.8464572429656982
pandas,csv,10000000,4,0.839383602142334
pandas,csv,10000000,5,0.8394606113433838
pandas,csv,10000000,6,0.8389599323272705
pandas,csv,10000000,7,0.8453464508056641
pandas,csv,10000000,8,0.8434507846832275
pandas,csv,10000000,9,0.8430368900299072
pandas,csv,10000000,10,0.8443155288696289
pandas,csv,10000000,11,0.8425166606903076
pandas,csv,10000000,12,0.8422014713287354
pandas,csv,15000000,1,1.4699101448059082
pandas,csv,15000000,2,1.3035905361175537
pandas,csv,15000000,3,1.3073163032531738
pandas,csv,15000000,4,1.3035094738006592
pandas,csv,15000000,5,1.302213430404663
pandas,csv,15000000,6,1.303375482559204
pandas,csv,15000000,7,1.3017857074737549
pandas,csv,15000000,8,1.3020005226135254
pandas,csv,15000000,9,1.2993333339691162
pandas,csv,15000000,10,1.3004488945007324
pandas,csv,15000000,11,1.3231921195983887
pandas,csv,15000000,12,1.3044371604919434
pandas,csv,20000000,1,1.9979710578918457
pandas,csv,20000000,2,1.7439384460449219
pandas,csv,20000000,3,1.7618634700775146
pandas,csv,20000000,4,1.7565112113952637
pandas,csv,20000000,5,1.7495574951171875
pandas,csv,20000000,6,1.7561354637145996
pandas,csv,20000000,7,1.7685277462005615
pandas,csv,20000000,8,1.7591397762298584
pandas,csv,20000000,9,1.7662873268127441
pandas,csv,20000000,10,1.76710844039917
pandas,csv,20000000,11,1.7556908130645752
pandas,csv,20000000,12,1.7650823593139648
pandas,csv,25000000,1,2.5097341537475586
pandas,csv,25000000,2,2.198495864868164
pandas,csv,25000000,3,2.194793462753296
pandas,csv,25000000,4,2.1953346729278564
pandas,csv,25000000,5,2.2083728313446045
pandas,csv,25000000,6,2.2136998176574707
pandas,csv,25000000,7,2.2524590492248535
pandas,csv,25000000,8,2.212226629257202
pandas,csv,25000000,9,2.209235906600952
pandas,csv,25000000,10,2.2152628898620605
pandas,csv,25000000,11,2.227369785308838
pandas,csv,25000000,12,2.210782051086426
pandas,csv,30000000,1,2.961918592453003
pandas,csv,30000000,2,2.6035914421081543
pandas,csv,30000000,3,2.60048508644104
pandas,csv,30000000,4,2.5943071842193604
pandas,csv,30000000,5,2.6136820316314697
pandas,csv,30000000,6,2.6060428619384766
pandas,csv,30000000,7,2.6473896503448486
pandas,csv,30000000,8,2.5919976234436035
pandas,csv,30000000,9,2.613542079925537
pandas,csv,30000000,10,2.596128225326538
pandas,csv,30000000,11,2.63338303565979
pandas,csv,30000000,12,2.595496416091919
pandas,csv,35000000,1,3.4189095497131348
pandas,csv,35000000,2,3.0316755771636963
pandas,csv,35000000,3,3.0339932441711426
pandas,csv,35000000,4,3.032961130142212
pandas,csv,35000000,5,3.045665740966797
pandas,csv,35000000,6,3.0353751182556152
pandas,csv,35000000,7,3.0216424465179443
pandas,csv,35000000,8,3.0211338996887207
pandas,csv,35000000,9,3.0190160274505615
pandas,csv,35000000,10,3.033747673034668
pandas,csv,35000000,11,3.0372254848480225
pandas,csv,35000000,12,3.0332083702087402
pandas,csv,40000000,1,3.9282240867614746
pandas,csv,40000000,2,3.4457998275756836
pandas,csv,40000000,3,3.4351654052734375
pandas,csv,40000000,4,3.464447498321533
pandas,csv,40000000,5,3.469327688217163
pandas,csv,40000000,6,3.4631078243255615
pandas,csv,40000000,7,3.4443578720092773
pandas,csv,40000000,8,3.4485716819763184
pandas,csv,40000000,9,3.4665114879608154
pandas,csv,40000000,10,3.4879186153411865
pandas,csv,40000000,11,3.457437515258789
pandas,csv,40000000,12,3.4399282932281494
pandas,csv,45000000,1,4.842158555984497
pandas,csv,45000000,2,4.046930313110352
pandas,csv,45000000,3,3.885627269744873
pandas,csv,45000000,4,3.900630235671997
pandas,csv,45000000,5,3.904484987258911
pandas,csv,45000000,6,3.894810438156128
pandas,csv,45000000,7,3.890266180038452
pandas,csv,45000000,8,3.902594804763794
pandas,csv,45000000,9,3.989147663116455
pandas,csv,45000000,10,3.8944547176361084
pandas,csv,45000000,11,3.8965373039245605
pandas,csv,45000000,12,3.9096109867095947
pandas,csv,50000000,1,5.480928897857666
pandas,csv,50000000,2,4.512638330459595
pandas,csv,50000000,3,4.3992109298706055
pandas,csv,50000000,4,4.439613580703735
pandas,csv,50000000,5,4.337166786193848
pandas,csv,50000000,6,4.313647270202637
pandas,csv,50000000,7,4.399053335189819
pandas,csv,50000000,8,4.333701848983765
pandas,csv,50000000,9,4.334721088409424
pandas,csv,50000000,10,4.33828067779541
pandas,csv,50000000,11,4.335379362106323
pandas,csv,50000000,12,4.298963785171509
pandas,csv,55000000,1,6.196906805038452
pandas,csv,55000000,2,4.972238302230835
pandas,csv,55000000,3,4.845707893371582
pandas,csv,55000000,4,4.807386636734009
pandas,csv,55000000,5,4.834457635879517
pandas,csv,55000000,6,4.774627685546875
pandas,csv,55000000,7,4.7812182903289795
pandas,csv,55000000,8,4.769896984100342
pandas,csv,55000000,9,4.854804992675781
pandas,csv,55000000,10,4.770437479019165
pandas,csv,55000000,11,4.775689601898193
pandas,csv,55000000,12,4.763379812240601
pandas,csv,60000000,1,6.613291025161743
pandas,csv,60000000,2,5.461852550506592
pandas,csv,60000000,3,5.257072925567627
pandas,csv,60000000,4,5.211114883422852
pandas,csv,60000000,5,5.217319965362549
pandas,csv,60000000,6,5.225918531417847
pandas,csv,60000000,7,5.201349258422852
pandas,csv,60000000,8,5.242391109466553
pandas,csv,60000000,9,5.218932867050171
pandas,csv,60000000,10,5.2301552295684814
pandas,csv,60000000,11,5.189868211746216
pandas,csv,60000000,12,5.208394527435303
pandas,csv,65000000,1,7.211611270904541
pandas,csv,65000000,2,6.010596990585327
pandas,csv,65000000,3,5.725514888763428
pandas,csv,65000000,4,5.711002349853516
pandas,csv,65000000,5,5.71621561050415
pandas,csv,65000000,6,5.732382535934448
pandas,csv,65000000,7,5.724651098251343
pandas,csv,65000000,8,5.7092390060424805
pandas,csv,65000000,9,5.7013773918151855
pandas,csv,65000000,10,5.711459159851074
pandas,csv,65000000,11,5.728288888931274
pandas,csv,65000000,12,5.717013597488403
pandas,csv,70000000,1,7.70782995223999
pandas,csv,70000000,2,6.34736442565918
pandas,csv,70000000,3,6.165860891342163
pandas,csv,70000000,4,6.100617170333862
pandas,csv,70000000,5,6.138592004776001
pandas,csv,70000000,6,6.13808012008667
pandas,csv,70000000,7,6.14842677116394
pandas,csv,70000000,8,6.117893218994141
pandas,csv,70000000,9,6.241333723068237
pandas,csv,70000000,10,6.1102845668792725
pandas,csv,70000000,11,6.153530120849609
pandas,csv,70000000,12,6.117892742156982
pandas,csv,75000000,1,8.339800119400024
pandas,csv,75000000,2,6.885894298553467
pandas,csv,75000000,3,6.567897081375122
pandas,csv,75000000,4,6.582975387573242
pandas,csv,75000000,5,6.634370565414429
pandas,csv,75000000,6,6.5579493045806885
pandas,csv,75000000,7,6.566923379898071
pandas,csv,75000000,8,6.564412593841553
pandas,csv,75000000,9,6.587361812591553
pandas,csv,75000000,10,6.5776894092559814
pandas,csv,75000000,11,6.569815397262573
pandas,csv,75000000,12,6.569209098815918
pandas,csv,80000000,1,9.167659521102905
pandas,csv,80000000,2,7.324468612670898
pandas,csv,80000000,3,7.274718999862671
pandas,csv,80000000,4,7.1102821826934814
pandas,csv,80000000,5,7.178350210189819
pandas,csv,80000000,6,7.334415912628174
pandas,csv,80000000,7,7.1748011112213135
pandas,csv,80000000,8,7.102836847305298
pandas,csv,80000000,9,7.0892174243927
pandas,csv,80000000,10,7.274661302566528
pandas,csv,80000000,11,7.156782865524292
pandas,csv,80000000,12,7.224083662033081
pandas,csv,85000000,1,9.601360559463501
pandas,csv,85000000,2,7.803850412368774
pandas,csv,85000000,3,7.537051677703857
pandas,csv,85000000,4,7.700226306915283
pandas,csv,85000000,5,7.498394250869751
pandas,csv,85000000,6,7.495549201965332
pandas,csv,85000000,7,7.4882590770721436
pandas,csv,85000000,8,7.519489526748657
pandas,csv,85000000,9,7.522643804550171
pandas,csv,85000000,10,7.5314130783081055
pandas,csv,85000000,11,7.520330190658569
pandas,csv,85000000,12,7.50601053237915
pandas,csv,90000000,1,10.097603797912598
pandas,csv,90000000,2,8.267528772354126
pandas,csv,90000000,3,8.024468183517456
pandas,csv,90000000,4,7.961223840713501
pandas,csv,90000000,5,7.956526041030884
pandas,csv,90000000,6,7.94053840637207
pandas,csv,90000000,7,7.948511600494385
pandas,csv,90000000,8,7.923591375350952
pandas,csv,90000000,9,7.931426286697388
pandas,csv,90000000,10,7.963716268539429
pandas,csv,90000000,11,7.967637062072754
pandas,csv,90000000,12,7.922415256500244
pandas,csv,95000000,1,10.798115730285645
pandas,csv,95000000,2,8.95491647720337
pandas,csv,95000000,3,9.040053129196167
pandas,csv,95000000,4,9.000012397766113
pandas,csv,95000000,5,8.852144002914429
pandas,csv,95000000,6,8.474063158035278
pandas,csv,95000000,7,8.411747932434082
pandas,csv,95000000,8,8.375744104385376
pandas,csv,95000000,9,8.382656574249268
pandas,csv,95000000,10,8.44747519493103
pandas,csv,95000000,11,8.40537405014038
pandas,csv,95000000,12,8.42070460319519
pandas,csv,100000000,1,11.21598768234253
pandas,csv,100000000,2,9.153517246246338
pandas,csv,100000000,3,8.901034355163574
pandas,csv,100000000,4,8.839294195175171
pandas,csv,100000000,5,8.818280458450317
pandas,csv,100000000,6,8.809881687164307
pandas,csv,100000000,7,8.836656332015991
pandas,csv,100000000,8,8.838182926177979
pandas,csv,100000000,9,8.823850870132446
pandas,csv,100000000,10,8.825598001480103
pandas,csv,100000000,11,8.853654384613037
pandas,csv,100000000,12,8.871588468551636
pandas,csv,125000000,1,14.624580383300781
pandas,csv,125000000,2,12.975623607635498
pandas,csv,125000000,3,12.964608192443848
pandas,csv,125000000,4,11.529781103134155
pandas,csv,125000000,5,11.26430344581604
pandas,csv,125000000,6,11.226484775543213
pandas,csv,125000000,7,11.291317462921143
pandas,csv,125000000,8,11.236032962799072
pandas,csv,125000000,9,11.287877559661865
pandas,csv,125000000,10,11.316612243652344
pandas,csv,125000000,11,11.268803119659424
pandas,csv,125000000,12,11.293478012084961
pandas,csv,150000000,1,17.573158979415894
pandas,csv,150000000,2,14.301368713378906
pandas,csv,150000000,3,14.414396047592163
pandas,csv,150000000,4,14.252491474151611
pandas,csv,150000000,5,14.641866683959961
pandas,csv,150000000,6,14.628019332885742
pandas,csv,150000000,7,13.794290781021118
pandas,csv,150000000,8,13.740636587142944
pandas,csv,150000000,9,13.563328504562378
pandas,csv,150000000,10,13.673273086547852
pandas,csv,150000000,11,13.61703872680664
pandas,csv,150000000,12,13.609544038772583
pandas,csv,175000000,1,20.331456899642944
pandas,csv,175000000,2,19.598076820373535
pandas,csv,175000000,3,17.585758924484253
pandas,csv,175000000,4,17.31173610687256
pandas,csv,175000000,5,17.270206212997437
pandas,csv,175000000,6,17.530763149261475
pandas,csv,175000000,7,17.61460781097412
pandas,csv,175000000,8,16.222525596618652
pandas,csv,175000000,9,16.131089687347412
pandas,csv,175000000,10,16.04858922958374
pandas,csv,175000000,11,16.047406673431396
pandas,csv,175000000,12,16.023232460021973
pandas,csv,200000000,1,23.192094564437866
pandas,csv,200000000,2,22.93978786468506
pandas,csv,200000000,3,20.949387550354004
pandas,csv,200000000,4,20.954665660858154
pandas,csv,200000000,5,21.1725914478302
pandas,csv,200000000,6,20.326794624328613
pandas,csv,200000000,7,20.411327600479126
pandas,csv,200000000,8,20.161702871322632
pandas,csv,200000000,9,20.153384685516357
pandas,csv,200000000,10,20.39510226249695
pandas,csv,200000000,11,20.192038774490356
pandas,csv,200000000,12,19.994832277297974
pandas,parquet,500000,1,0.027798891067504883
pandas,parquet,500000,2,0.015036344528198242
pandas,parquet,500000,3,0.012674570083618164
pandas,parquet,500000,4,0.011752843856811523
pandas,parquet,500000,5,0.013925790786743164
pandas,parquet,500000,6,0.011050939559936523
pandas,parquet,500000,7,0.010770320892333984
pandas,parquet,500000,8,0.011061429977416992
pandas,parquet,500000,9,0.011415243148803711
pandas,parquet,500000,10,0.010614633560180664
pandas,parquet,500000,11,0.010493993759155273
pandas,parquet,500000,12,0.010980367660522461
pandas,parquet,1000000,1,0.041941165924072266
pandas,parquet,1000000,2,0.02341175079345703
pandas,parquet,1000000,3,0.02356433868408203
pandas,parquet,1000000,4,0.02268671989440918
pandas,parquet,1000000,5,0.02244281768798828
pandas,parquet,1000000,6,0.02274298667907715
pandas,parquet,1000000,7,0.019791603088378906
pandas,parquet,1000000,8,0.022157907485961914
pandas,parquet,1000000,9,0.019715547561645508
pandas,parquet,1000000,10,0.020626306533813477
pandas,parquet,1000000,11,0.023194551467895508
pandas,parquet,1000000,12,0.02018284797668457
pandas,parquet,5000000,1,0.1028909683227539
pandas,parquet,5000000,2,0.07931065559387207
pandas,parquet,5000000,3,0.0736083984375
pandas,parquet,5000000,4,0.06827330589294434
pandas,parquet,5000000,5,0.0695338249206543
pandas,parquet,5000000,6,0.07075142860412598
pandas,parquet,5000000,7,0.06933307647705078
pandas,parquet,5000000,8,0.07186722755432129
pandas,parquet,5000000,9,0.06978750228881836
pandas,parquet,5000000,10,0.0702505111694336
pandas,parquet,5000000,11,0.07111048698425293
pandas,parquet,5000000,12,0.06983685493469238
pandas,parquet,10000000,1,0.1748344898223877
pandas,parquet,10000000,2,0.1401381492614746
pandas,parquet,10000000,3,0.1350841522216797
pandas,parquet,10000000,4,0.1308460235595703
pandas,parquet,10000000,5,0.1302042007446289
pandas,parquet,10000000,6,0.12895822525024414
pandas,parquet,10000000,7,0.1301414966583252
pandas,parquet,10000000,8,0.13019084930419922
pandas,parquet,10000000,9,0.1327037811279297
pandas,parquet,10000000,10,0.13075780868530273
pandas,parquet,10000000,11,0.13295412063598633
pandas,parquet,10000000,12,0.13156533241271973
pandas,parquet,15000000,1,0.2510340213775635
pandas,parquet,15000000,2,0.209885835647583
pandas,parquet,15000000,3,0.1972637176513672
pandas,parquet,15000000,4,0.19756674766540527
pandas,parquet,15000000,5,0.1975877285003662
pandas,parquet,15000000,6,0.19564437866210938
pandas,parquet,15000000,7,0.1970994472503662
pandas,parquet,15000000,8,0.20405864715576172
pandas,parquet,15000000,9,0.1975877285003662
pandas,parquet,15000000,10,0.19579625129699707
pandas,parquet,15000000,11,0.1977827548980713
pandas,parquet,15000000,12,0.19242191314697266
pandas,parquet,20000000,1,0.3236277103424072
pandas,parquet,20000000,2,0.28197360038757324
pandas,parquet,20000000,3,0.2620353698730469
pandas,parquet,20000000,4,0.2637441158294678
pandas,parquet,20000000,5,0.2633368968963623
pandas,parquet,20000000,6,0.26000523567199707
pandas,parquet,20000000,7,0.2627127170562744
pandas,parquet,20000000,8,0.2600388526916504
pandas,parquet,20000000,9,0.25876593589782715
pandas,parquet,20000000,10,0.26059961318969727
pandas,parquet,20000000,11,0.2631502151489258
pandas,parquet,20000000,12,0.26062607765197754
pandas,parquet,25000000,1,0.39731287956237793
pandas,parquet,25000000,2,0.3582932949066162
pandas,parquet,25000000,3,0.35411715507507324
pandas,parquet,25000000,4,0.34543418884277344
pandas,parquet,25000000,5,0.34235692024230957
pandas,parquet,25000000,6,0.3443174362182617
pandas,parquet,25000000,7,0.3447601795196533
pandas,parquet,25000000,8,0.34239959716796875
pandas,parquet,25000000,9,0.3401196002960205
pandas,parquet,25000000,10,0.3421504497528076
pandas,parquet,25000000,11,0.34353017807006836
pandas,parquet,25000000,12,0.34058594703674316
pandas,parquet,30000000,1,0.466738224029541
pandas,parquet,30000000,2,0.41671323776245117
pandas,parquet,30000000,3,0.40571069717407227
pandas,parquet,30000000,4,0.41152119636535645
pandas,parquet,30000000,5,0.40687060356140137
pandas,parquet,30000000,6,0.41158223152160645
pandas,parquet,30000000,7,0.40540647506713867
pandas,parquet,30000000,8,0.4084658622741699
pandas,parquet,30000000,9,0.4135410785675049
pandas,parquet,30000000,10,0.40570640563964844
pandas,parquet,30000000,11,0.4120750427246094
pandas,parquet,30000000,12,0.4106173515319824
pandas,parquet,35000000,1,0.5322506427764893
pandas,parquet,35000000,2,0.49208617210388184
pandas,parquet,35000000,3,0.47333621978759766
pandas,parquet,35000000,4,0.4791276454925537
pandas,parquet,35000000,5,0.4738903045654297
pandas,parquet,35000000,6,0.48396778106689453
pandas,parquet,35000000,7,0.47198486328125
pandas,parquet,35000000,8,0.465496301651001
pandas,parquet,35000000,9,0.46742916107177734
pandas,parquet,35000000,10,0.4739100933074951
pandas,parquet,35000000,11,0.4692964553833008
pandas,parquet,35000000,12,0.4679443836212158
pandas,parquet,40000000,1,0.6098639965057373
pandas,parquet,40000000,2,0.5532410144805908
pandas,parquet,40000000,3,0.569047212600708
pandas,parquet,40000000,4,0.5428426265716553
pandas,parquet,40000000,5,0.5451130867004395
pandas,parquet,40000000,6,0.5432453155517578
pandas,parquet,40000000,7,0.5403616428375244
pandas,parquet,40000000,8,0.5319788455963135
pandas,parquet,40000000,9,0.5303435325622559
pandas,parquet,40000000,10,0.5363070964813232
pandas,parquet,40000000,11,0.5423974990844727
pandas,parquet,40000000,12,0.5381839275360107
pandas,parquet,45000000,1,0.6782002449035645
pandas,parquet,45000000,2,0.6247780323028564
pandas,parquet,45000000,3,0.6125175952911377
pandas,parquet,45000000,4,0.6212713718414307
pandas,parquet,45000000,5,0.6173992156982422
pandas,parquet,45000000,6,0.6260762214660645
pandas,parquet,45000000,7,0.62326979637146
pandas,parquet,45000000,8,0.6068878173828125
pandas,parquet,45000000,9,0.6247994899749756
pandas,parquet,45000000,10,0.6345176696777344
pandas,parquet,45000000,11,0.6133522987365723
pandas,parquet,45000000,12,0.6102139949798584
pandas,parquet,50000000,1,0.7688508033752441
pandas,parquet,50000000,2,0.7022569179534912
pandas,parquet,50000000,3,0.675302267074585
pandas,parquet,50000000,4,0.6655809879302979
pandas,parquet,50000000,5,0.679826021194458
pandas,parquet,50000000,6,0.6806519031524658
pandas,parquet,50000000,7,0.669825553894043
pandas,parquet,50000000,8,0.6739902496337891
pandas,parquet,50000000,9,0.6769518852233887
pandas,parquet,50000000,10,0.6782097816467285
pandas,parquet,50000000,11,0.6760408878326416
pandas,parquet,50000000,12,0.6940643787384033
pandas,parquet,55000000,1,0.8559103012084961
pandas,parquet,55000000,2,0.7762813568115234
pandas,parquet,55000000,3,0.786571741104126
pandas,parquet,55000000,4,0.7469890117645264
pandas,parquet,55000000,5,0.759312629699707
pandas,parquet,55000000,6,0.7573344707489014
pandas,parquet,55000000,7,0.7541093826293945
pandas,parquet,55000000,8,0.7492268085479736
pandas,parquet,55000000,9,0.755631685256958
pandas,parquet,55000000,10,0.7528712749481201
pandas,parquet,55000000,11,0.756462574005127
pandas,parquet,55000000,12,0.7452859878540039
pandas,parquet,60000000,1,0.9129347801208496
pandas,parquet,60000000,2,0.8316314220428467
pandas,parquet,60000000,3,0.8101062774658203
pandas,parquet,60000000,4,0.7975606918334961
pandas,parquet,60000000,5,0.8122882843017578
pandas,parquet,60000000,6,0.8120841979980469
pandas,parquet,60000000,7,0.8065237998962402
pandas,parquet,60000000,8,0.7998948097229004
pandas,parquet,60000000,9,0.7950012683868408
pandas,parquet,60000000,10,0.8047089576721191
pandas,parquet,60000000,11,0.7994217872619629
pandas,parquet,60000000,12,0.8124754428863525
pandas,parquet,65000000,1,0.9968430995941162
pandas,parquet,65000000,2,0.9099977016448975
pandas,parquet,65000000,3,0.8831830024719238
pandas,parquet,65000000,4,0.8845360279083252
pandas,parquet,65000000,5,0.8728387355804443
pandas,parquet,65000000,6,0.8765730857849121
pandas,parquet,65000000,7,0.8732774257659912
pandas,parquet,65000000,8,0.8854305744171143
pandas,parquet,65000000,9,0.8781790733337402
pandas,parquet,65000000,10,0.8853461742401123
pandas,parquet,65000000,11,0.8768541812896729
pandas,parquet,65000000,12,0.881556510925293
pandas,parquet,70000000,1,1.0594501495361328
pandas,parquet,70000000,2,0.9654591083526611
pandas,parquet,70000000,3,0.9516167640686035
pandas,parquet,70000000,4,0.9476845264434814
pandas,parquet,70000000,5,0.9318046569824219
pandas,parquet,70000000,6,0.9357476234436035
pandas,parquet,70000000,7,0.9331064224243164
pandas,parquet,70000000,8,0.9310016632080078
pandas,parquet,70000000,9,0.9293620586395264
pandas,parquet,70000000,10,0.9294312000274658
pandas,parquet,70000000,11,0.9326913356781006
pandas,parquet,70000000,12,0.9348063468933105
pandas,parquet,75000000,1,1.1262593269348145
pandas,parquet,75000000,2,1.0220136642456055
pandas,parquet,75000000,3,1.0297796726226807
pandas,parquet,75000000,4,1.0192747116088867
pandas,parquet,75000000,5,1.0106375217437744
pandas,parquet,75000000,6,1.0232551097869873
pandas,parquet,75000000,7,1.015704870223999
pandas,parquet,75000000,8,1.0092523097991943
pandas,parquet,75000000,9,1.0120882987976074
pandas,parquet,75000000,10,1.0178964138031006
pandas,parquet,75000000,11,1.0070040225982666
pandas,parquet,75000000,12,1.0023350715637207
pandas,parquet,80000000,1,1.1983585357666016
pandas,parquet,80000000,2,1.0926392078399658
pandas,parquet,80000000,3,1.0841686725616455
pandas,parquet,80000000,4,1.074582815170288
pandas,parquet,80000000,5,1.0875003337860107
pandas,parquet,80000000,6,1.0866923332214355
pandas,parquet,80000000,7,1.0922882556915283
pandas,parquet,80000000,8,1.0991241931915283
pandas,parquet,80000000,9,1.099799394607544
pandas,parquet,80000000,10,1.0965988636016846
pandas,parquet,80000000,11,1.0852785110473633
pandas,parquet,80000000,12,1.1013870239257812
pandas,parquet,85000000,1,1.2862529754638672
pandas,parquet,85000000,2,1.1752145290374756
pandas,parquet,85000000,3,1.1362340450286865
pandas,parquet,85000000,4,1.148505687713623
pandas,parquet,85000000,5,1.167445421218872
pandas,parquet,85000000,6,1.1784322261810303
pandas,parquet,85000000,7,1.1361603736877441
pandas,parquet,85000000,8,1.1594831943511963
pandas,parquet,85000000,9,1.1448991298675537
pandas,parquet,85000000,10,1.1350281238555908
pandas,parquet,85000000,11,1.1367149353027344
pandas,parquet,85000000,12,1.1320340633392334
pandas,parquet,90000000,1,1.3523848056793213
pandas,parquet,90000000,2,1.231724500656128
pandas,parquet,90000000,3,1.2109050750732422
pandas,parquet,90000000,4,1.2168927192687988
pandas,parquet,90000000,5,1.191528081893921
pandas,parquet,90000000,6,1.1996197700500488
pandas,parquet,90000000,7,1.21378755569458
pandas,parquet,90000000,8,1.2107951641082764
pandas,parquet,90000000,9,1.1985533237457275
pandas,parquet,90000000,10,1.2075684070587158
pandas,parquet,90000000,11,1.1925196647644043
pandas,parquet,90000000,12,1.2190346717834473
pandas,parquet,95000000,1,1.4153103828430176
pandas,parquet,95000000,2,1.317211389541626
pandas,parquet,95000000,3,1.280160903930664
pandas,parquet,95000000,4,1.296555519104004
pandas,parquet,95000000,5,1.2726836204528809
pandas,parquet,95000000,6,1.288874864578247
pandas,parquet,95000000,7,1.2801308631896973
pandas,parquet,95000000,8,1.2961304187774658
pandas,parquet,95000000,9,1.2712490558624268
pandas,parquet,95000000,10,1.2613129615783691
pandas,parquet,95000000,11,1.284752368927002
pandas,parquet,95000000,12,1.2826879024505615
pandas,parquet,100000000,1,1.6121923923492432
pandas,parquet,100000000,2,1.4768123626708984
pandas,parquet,100000000,3,1.4878249168395996
pandas,parquet,100000000,4,1.46262526512146
pandas,parquet,100000000,5,1.4826023578643799
pandas,parquet,100000000,6,1.4831891059875488
pandas,parquet,100000000,7,1.4789633750915527
pandas,parquet,100000000,8,1.4488441944122314
pandas,parquet,100000000,9,1.4685068130493164
pandas,parquet,100000000,10,1.4562277793884277
pandas,parquet,100000000,11,1.4725992679595947
pandas,parquet,100000000,12,1.4908740520477295
pandas,parquet,125000000,1,1.8630881309509277
pandas,parquet,125000000,2,1.7314050197601318
pandas,parquet,125000000,3,1.6631450653076172
pandas,parquet,125000000,4,1.6918985843658447
pandas,parquet,125000000,5,1.6742854118347168
pandas,parquet,125000000,6,1.675980806350708
pandas,parquet,125000000,7,1.7096896171569824
pandas,parquet,125000000,8,1.669179916381836
pandas,parquet,125000000,9,1.7088541984558105
pandas,parquet,125000000,10,1.6616029739379883
pandas,parquet,125000000,11,1.6620004177093506
pandas,parquet,125000000,12,1.6830165386199951
pandas,parquet,150000000,1,2.2220776081085205
pandas,parquet,150000000,2,2.0343518257141113
pandas,parquet,150000000,3,1.9382424354553223
pandas,parquet,150000000,4,1.9486193656921387
pandas,parquet,150000000,5,1.9668049812316895
pandas,parquet,150000000,6,1.9328343868255615
pandas,parquet,150000000,7,1.9240474700927734
pandas,parquet,150000000,8,1.9381380081176758
pandas,parquet,150000000,9,1.9172658920288086
pandas,parquet,150000000,10,1.930166244506836
pandas,parquet,150000000,11,1.932816982269287
pandas,parquet,150000000,12,1.9227287769317627
pandas,parquet,175000000,1,2.577395439147949
pandas,parquet,175000000,2,2.3749589920043945
pandas,parquet,175000000,3,2.2483015060424805
pandas,parquet,175000000,4,2.2509424686431885
pandas,parquet,175000000,5,2.290909767150879
pandas,parquet,175000000,6,2.2694153785705566
pandas,parquet,175000000,7,2.2761757373809814
pandas,parquet,175000000,8,2.2637853622436523
pandas,parquet,175000000,9,2.2700753211975098
pandas,parquet,175000000,10,2.2566635608673096
pandas,parquet,175000000,11,2.2688021659851074
pandas,parquet,175000000,12,2.263502597808838
pandas,parquet,200000000,1,2.9631898403167725
pandas,parquet,200000000,2,2.7443931102752686
pandas,parquet,200000000,3,2.6353864669799805
pandas,parquet,200000000,4,2.6002206802368164
pandas,parquet,200000000,5,2.5824146270751953
pandas,parquet,200000000,6,2.591076612472534
pandas,parquet,200000000,7,2.607710361480713
pandas,parquet,200000000,8,2.607722759246826
pandas,parquet,200000000,9,2.5851047039031982
pandas,parquet,200000000,10,2.5857040882110596
pandas,parquet,200000000,11,2.617201566696167
pandas,parquet,200000000,12,2.5910451412200928
cudf,csv,500000,1,0.09814000129699707
cudf,csv,500000,2,0.0053653717041015625
cudf,csv,500000,3,0.00558781623840332
cudf,csv,500000,4,0.004992008209228516
cudf,csv,500000,5,0.004803657531738281
cudf,csv,500000,6,0.0051898956298828125
cudf,csv,500000,7,0.0048427581787109375
cudf,csv,500000,8,0.004868507385253906
cudf,csv,500000,9,0.0047473907470703125
cudf,csv,500000,10,0.004815816879272461
cudf,csv,500000,11,0.004918336868286133
cudf,csv,500000,12,0.005082368850708008
cudf,csv,1000000,1,0.11476421356201172
cudf,csv,1000000,2,0.009010553359985352
cudf,csv,1000000,3,0.008153915405273438
cudf,csv,1000000,4,0.00895237922668457
cudf,csv,1000000,5,0.008388519287109375
cudf,csv,1000000,6,0.00801396369934082
cudf,csv,1000000,7,0.008210420608520508
cudf,csv,1000000,8,0.008027076721191406
cudf,csv,1000000,9,0.007732868194580078
cudf,csv,1000000,10,0.008729696273803711
cudf,csv,1000000,11,0.007610797882080078
cudf,csv,1000000,12,0.008655548095703125
cudf,csv,5000000,1,0.1754310131072998
cudf,csv,5000000,2,0.02988147735595703
cudf,csv,5000000,3,0.029473304748535156
cudf,csv,5000000,4,0.02898716926574707
cudf,csv,5000000,5,0.029461145401000977
cudf,csv,5000000,6,0.028736114501953125
cudf,csv,5000000,7,0.028316497802734375
cudf,csv,5000000,8,0.02638864517211914
cudf,csv,5000000,9,0.02448725700378418
cudf,csv,5000000,10,0.025004863739013672
cudf,csv,5000000,11,0.024595022201538086
cudf,csv,5000000,12,0.025925397872924805
cudf,csv,10000000,1,0.2603917121887207
cudf,csv,10000000,2,0.0620274543762207
cudf,csv,10000000,3,0.05305218696594238
cudf,csv,10000000,4,0.05489635467529297
cudf,csv,10000000,5,0.053771018981933594
cudf,csv,10000000,6,0.05331134796142578
cudf,csv,10000000,7,0.04980945587158203
cudf,csv,10000000,8,0.0472257137298584
cudf,csv,10000000,9,0.04736948013305664
cudf,csv,10000000,10,0.04688692092895508
cudf,csv,10000000,11,0.04811739921569824
cudf,csv,10000000,12,0.04870104789733887
cudf,csv,15000000,1,0.3400566577911377
cudf,csv,15000000,2,0.07619309425354004
cudf,csv,15000000,3,0.0727994441986084
cudf,csv,15000000,4,0.07336759567260742
cudf,csv,15000000,5,0.07219123840332031
cudf,csv,15000000,6,0.07269096374511719
cudf,csv,15000000,7,0.07242798805236816
cudf,csv,15000000,8,0.07344245910644531
cudf,csv,15000000,9,0.0709538459777832
cudf,csv,15000000,10,0.07187128067016602
cudf,csv,15000000,11,0.07152533531188965
cudf,csv,15000000,12,0.0733942985534668
cudf,csv,20000000,1,0.4275245666503906
cudf,csv,20000000,2,0.09671998023986816
cudf,csv,20000000,3,0.09694457054138184
cudf,csv,20000000,4,0.09817194938659668
cudf,csv,20000000,5,0.09842491149902344
cudf,csv,20000000,6,0.09666585922241211
cudf,csv,20000000,7,0.09645819664001465
cudf,csv,20000000,8,0.09607601165771484
cudf,csv,20000000,9,0.10459303855895996
cudf,csv,20000000,10,0.09751319885253906
cudf,csv,20000000,11,0.09766745567321777
cudf,csv,20000000,12,0.10384035110473633
cudf,csv,25000000,1,0.5126035213470459
cudf,csv,25000000,2,0.12128615379333496
cudf,csv,25000000,3,0.1185309886932373
cudf,csv,25000000,4,0.12032485008239746
cudf,csv,25000000,5,0.13004112243652344
cudf,csv,25000000,6,0.11874198913574219
cudf,csv,25000000,7,0.11876106262207031
cudf,csv,25000000,8,0.11986136436462402
cudf,csv,25000000,9,0.11818146705627441
cudf,csv,25000000,10,0.1286182403564453
cudf,csv,25000000,11,0.1198880672454834
cudf,csv,25000000,12,0.12028145790100098
cudf,csv,30000000,1,0.603125810623169
cudf,csv,30000000,2,0.1427135467529297
cudf,csv,30000000,3,0.14222097396850586
cudf,csv,30000000,4,0.14370346069335938
cudf,csv,30000000,5,0.14364147186279297
cudf,csv,30000000,6,0.14092469215393066
cudf,csv,30000000,7,0.14142060279846191
cudf,csv,30000000,8,0.15044069290161133
cudf,csv,30000000,9,0.14080405235290527
cudf,csv,30000000,10,0.1443624496459961
cudf,csv,30000000,11,0.15268945693969727
cudf,csv,30000000,12,0.14379572868347168
cudf,csv,35000000,1,0.6870467662811279
cudf,csv,35000000,2,0.16736388206481934
cudf,csv,35000000,3,0.16976118087768555
cudf,csv,35000000,4,0.1705164909362793
cudf,csv,35000000,5,0.16865324974060059
cudf,csv,35000000,6,0.16896462440490723
cudf,csv,35000000,7,0.16576027870178223
cudf,csv,35000000,8,0.165632963180542
cudf,csv,35000000,9,0.16553664207458496
cudf,csv,35000000,10,0.17166352272033691
cudf,csv,35000000,11,0.16546154022216797
cudf,csv,35000000,12,0.16826224327087402
cudf,csv,40000000,1,0.7657690048217773
cudf,csv,40000000,2,0.20029091835021973
cudf,csv,40000000,3,0.19736790657043457
cudf,csv,40000000,4,0.19404339790344238
cudf,csv,40000000,5,0.19720673561096191
cudf,csv,40000000,6,0.19319891929626465
cudf,csv,40000000,7,0.19019365310668945
cudf,csv,40000000,8,0.19034433364868164
cudf,csv,40000000,9,0.19035649299621582
cudf,csv,40000000,10,0.197831392288208
cudf,csv,40000000,11,0.1904001235961914
cudf,csv,40000000,12,0.19721603393554688
cudf,csv,45000000,1,0.8602674007415771
cudf,csv,45000000,2,0.2152550220489502
cudf,csv,45000000,3,0.21870708465576172
cudf,csv,45000000,4,0.22165179252624512
cudf,csv,45000000,5,0.21894335746765137
cudf,csv,45000000,6,0.21514439582824707
cudf,csv,45000000,7,0.21727848052978516
cudf,csv,45000000,8,0.21511507034301758
cudf,csv,45000000,9,0.22176027297973633
cudf,csv,45000000,10,0.22322344779968262
cudf,csv,45000000,11,0.219529390335083
cudf,csv,45000000,12,0.2172849178314209
cudf,csv,50000000,1,0.9431774616241455
cudf,csv,50000000,2,0.25273585319519043
cudf,csv,50000000,3,0.24273276329040527
cudf,csv,50000000,4,0.2533133029937744
cudf,csv,50000000,5,0.2661728858947754
cudf,csv,50000000,6,0.26810455322265625
cudf,csv,50000000,7,0.2750122547149658
cudf,csv,50000000,8,0.2524285316467285
cudf,csv,50000000,9,0.2474687099456787
cudf,csv,50000000,10,0.2385697364807129
cudf,csv,50000000,11,0.23773479461669922
cudf,csv,50000000,12,0.2536015510559082
cudf,csv,55000000,1,1.0388004779815674
cudf,csv,55000000,2,0.26479578018188477
cudf,csv,55000000,3,0.2760474681854248
cudf,csv,55000000,4,0.2684941291809082
cudf,csv,55000000,5,0.27493858337402344
cudf,csv,55000000,6,0.2633850574493408
cudf,csv,55000000,7,0.26531267166137695
cudf,csv,55000000,8,0.2755777835845947
cudf,csv,55000000,9,0.28779029846191406
cudf,csv,55000000,10,0.2897918224334717
cudf,csv,55000000,11,0.2768864631652832
cudf,csv,55000000,12,0.28811144828796387
cudf,csv,60000000,1,1.1281001567840576
cudf,csv,60000000,2,0.28885459899902344
cudf,csv,60000000,3,0.30224084854125977
cudf,csv,60000000,4,0.3015763759613037
cudf,csv,60000000,5,0.31713008880615234
cudf,csv,60000000,6,0.3325974941253662
cudf,csv,60000000,7,0.3209228515625
cudf,csv,60000000,8,0.3203256130218506
cudf,csv,60000000,9,0.307964563369751
cudf,csv,60000000,10,0.30913305282592773
cudf,csv,60000000,11,0.3296787738800049
cudf,csv,60000000,12,0.32442378997802734
cudf,csv,65000000,1,1.2418887615203857
cudf,csv,65000000,2,0.35130929946899414
cudf,csv,65000000,3,0.3622429370880127
cudf,csv,65000000,4,0.3596785068511963
cudf,csv,65000000,5,0.3552415370941162
cudf,csv,65000000,6,0.36333632469177246
cudf,csv,65000000,7,0.3512296676635742
cudf,csv,65000000,8,0.3508188724517822
cudf,csv,65000000,9,0.35619425773620605
cudf,csv,65000000,10,0.35630083084106445
cudf,csv,65000000,11,0.332688570022583
cudf,csv,65000000,12,0.31577563285827637
cudf,csv,70000000,1,1.34263277053833
cudf,csv,70000000,2,0.390777587890625
cudf,csv,70000000,3,0.3859241008758545
cudf,csv,70000000,4,0.39647698402404785
cudf,csv,70000000,5,0.38580918312072754
cudf,csv,70000000,6,0.3576066493988037
cudf,csv,70000000,7,0.36521458625793457
cudf,csv,70000000,8,0.3693256378173828
cudf,csv,70000000,9,0.3803982734680176
cudf,csv,70000000,10,0.3736705780029297
cudf,csv,70000000,11,0.34230542182922363
cudf,csv,70000000,12,0.34976935386657715
cudf,csv,75000000,1,1.3888096809387207
cudf,csv,75000000,2,0.37813544273376465
cudf,csv,75000000,3,0.402285099029541
cudf,csv,75000000,4,0.41394519805908203
cudf,csv,75000000,5,0.4059412479400635
cudf,csv,75000000,6,0.3900632858276367
cudf,csv,75000000,7,0.40903520584106445
cudf,csv,75000000,8,0.41023707389831543
cudf,csv,75000000,9,0.3778493404388428
cudf,csv,75000000,10,0.3744845390319824
cudf,csv,75000000,11,0.3797171115875244
cudf,csv,75000000,12,0.6402490139007568
cudf,csv,80000000,1,1.4850094318389893
cudf,csv,80000000,2,0.40859007835388184
cudf,csv,80000000,3,0.4302549362182617
cudf,csv,80000000,4,0.4486360549926758
cudf,csv,80000000,5,0.4155611991882324
cudf,csv,80000000,6,0.4566226005554199
cudf,csv,80000000,7,2.8201255798339844
cudf,csv,80000000,8,1.7476449012756348
cudf,csv,80000000,9,0.7518620491027832
cudf,csv,80000000,10,0.6001343727111816
cudf,csv,80000000,11,0.6550126075744629
cudf,csv,80000000,12,0.4876058101654053
cudf,csv,85000000,1,1.5851576328277588
cudf,csv,85000000,2,0.4303615093231201
cudf,csv,85000000,3,0.4426875114440918
cudf,csv,85000000,4,0.4331388473510742
cudf,csv,85000000,5,0.4460310935974121
cudf,csv,85000000,6,0.4348907470703125
cudf,csv,85000000,7,0.4343137741088867
cudf,csv,85000000,8,0.42798638343811035
cudf,csv,85000000,9,0.4360203742980957
cudf,csv,85000000,10,0.4437422752380371
cudf,csv,85000000,11,0.49550390243530273
cudf,csv,85000000,12,0.561427116394043
cudf,csv,90000000,1,1.668363332748413
cudf,csv,90000000,2,0.4667351245880127
cudf,csv,90000000,3,0.4682760238647461
cudf,csv,90000000,4,0.45297837257385254
cudf,csv,90000000,5,0.4747138023376465
cudf,csv,90000000,6,0.45714712142944336
cudf,csv,90000000,7,0.6494052410125732
cudf,csv,90000000,8,0.6432926654815674
cudf,csv,90000000,9,0.6066665649414062
cudf,csv,90000000,10,0.5674009323120117
cudf,csv,90000000,11,0.5093770027160645
cudf,csv,90000000,12,1.019629955291748
cudf,csv,95000000,1,1.759838581085205
cudf,csv,95000000,2,0.5239787101745605
cudf,csv,95000000,3,0.5157909393310547
cudf,csv,95000000,4,0.4958779811859131
cudf,csv,95000000,5,0.5054740905761719
cudf,csv,95000000,6,0.7746880054473877
cudf,csv,95000000,7,0.6876254081726074
cudf,csv,95000000,8,0.6418807506561279
cudf,csv,95000000,9,0.5439207553863525
cudf,csv,95000000,10,0.6742453575134277
cudf,csv,95000000,11,1.0200586318969727
cudf,csv,95000000,12,1.2065975666046143
cudf,csv,100000000,1,10.699099779129028
cudf,csv,100000000,2,9.222670316696167
cudf,csv,100000000,3,9.245139598846436
cudf,csv,100000000,4,9.16681957244873
cudf,csv,100000000,5,9.164710998535156
cudf,csv,100000000,6,9.2187180519104
cudf,csv,100000000,7,9.195538759231567
cudf,csv,100000000,8,9.133918285369873
cudf,csv,100000000,9,9.184337377548218
cudf,csv,100000000,10,9.134349584579468
cudf,csv,100000000,11,9.471566438674927
cudf,csv,100000000,12,9.204329490661621
cudf,csv,125000000,1,13.366312265396118
cudf,csv,125000000,2,11.525150537490845
cudf,csv,125000000,3,11.496561527252197
cudf,csv,125000000,4,11.497455835342407
cudf,csv,125000000,5,11.471269130706787
cudf,csv,125000000,6,11.537771701812744
cudf,csv,125000000,7,11.576176643371582
cudf,csv,125000000,8,11.487141847610474
cudf,csv,125000000,9,11.481069326400757
cudf,csv,125000000,10,11.81695032119751
cudf,csv,125000000,11,11.487803220748901
cudf,csv,125000000,12,11.450712442398071
cudf,csv,150000000,1,15.995065450668335
cudf,csv,150000000,2,13.79058575630188
cudf,csv,150000000,3,13.808560132980347
cudf,csv,150000000,4,13.825364589691162
cudf,csv,150000000,5,13.851149559020996
cudf,csv,150000000,6,13.831284523010254
cudf,csv,150000000,7,13.845873355865479
cudf,csv,150000000,8,13.801234483718872
cudf,csv,150000000,9,13.8541579246521
cudf,csv,150000000,10,13.99020004272461
cudf,csv,150000000,11,13.871871709823608
cudf,csv,150000000,12,13.83771824836731
cudf,csv,175000000,1,18.89729928970337
cudf,csv,175000000,2,16.569781064987183
cudf,csv,175000000,3,16.609529733657837
cudf,csv,175000000,4,16.54591202735901
cudf,csv,175000000,5,16.410995960235596
cudf,csv,175000000,6,16.435779094696045
cudf,csv,175000000,7,16.492767095565796
cudf,csv,175000000,8,16.351321697235107
cudf,csv,175000000,9,16.367931365966797
cudf,csv,175000000,10,16.373995065689087
cudf,csv,175000000,11,16.324881076812744
cudf,csv,175000000,12,16.438275814056396
cudf,csv,200000000,1,26.211766719818115
cudf,csv,200000000,2,19.164920806884766
cudf,csv,200000000,3,18.977475881576538
cudf,csv,200000000,4,18.778032064437866
cudf,csv,200000000,5,18.89505100250244
cudf,csv,200000000,6,18.845503330230713
cudf,csv,200000000,7,18.65477228164673
cudf,csv,200000000,8,18.86759924888611
cudf,csv,200000000,9,18.87124252319336
cudf,csv,200000000,10,18.883010387420654
cudf,csv,200000000,11,18.77348566055298
cudf,csv,200000000,12,18.75852394104004
cudf,parquet,500000,1,0.1965334415435791
cudf,parquet,500000,2,0.06718564033508301
cudf,parquet,500000,3,0.06508183479309082
cudf,parquet,500000,4,0.05859661102294922
cudf,parquet,500000,5,0.05456137657165527
cudf,parquet,500000,6,0.046334266662597656
cudf,parquet,500000,7,0.04687309265136719
cudf,parquet,500000,8,0.04889678955078125
cudf,parquet,500000,9,0.04656267166137695
cudf,parquet,500000,10,0.049820899963378906
cudf,parquet,500000,11,0.046265363693237305
cudf,parquet,500000,12,0.05776476860046387
cudf,parquet,1000000,1,0.15607714653015137
cudf,parquet,1000000,2,0.0609591007232666
cudf,parquet,1000000,3,0.06023073196411133
cudf,parquet,1000000,4,0.05615544319152832
cudf,parquet,1000000,5,0.05378389358520508
cudf,parquet,1000000,6,0.061391353607177734
cudf,parquet,1000000,7,0.04941272735595703
cudf,parquet,1000000,8,0.05217337608337402
cudf,parquet,1000000,9,0.049559831619262695
cudf,parquet,1000000,10,0.05058431625366211
cudf,parquet,1000000,11,0.05200910568237305
cudf,parquet,1000000,12,0.04908108711242676
cudf,parquet,5000000,1,0.1817014217376709
cudf,parquet,5000000,2,0.06736588478088379
cudf,parquet,5000000,3,0.0665733814239502
cudf,parquet,5000000,4,0.05774497985839844
cudf,parquet,5000000,5,0.058272600173950195
cudf,parquet,5000000,6,0.05770063400268555
cudf,parquet,5000000,7,0.0569150447845459
cudf,parquet,5000000,8,0.056551456451416016
cudf,parquet,5000000,9,0.057830095291137695
cudf,parquet,5000000,10,0.06564116477966309
cudf,parquet,5000000,11,0.057974815368652344
cudf,parquet,5000000,12,0.05738568305969238
cudf,parquet,10000000,1,0.20371603965759277
cudf,parquet,10000000,2,0.07079792022705078
cudf,parquet,10000000,3,0.06705498695373535
cudf,parquet,10000000,4,0.0621795654296875
cudf,parquet,10000000,5,0.06183028221130371
cudf,parquet,10000000,6,0.06221365928649902
cudf,parquet,10000000,7,0.062082767486572266
cudf,parquet,10000000,8,0.06232500076293945
cudf,parquet,10000000,9,0.06840896606445312
cudf,parquet,10000000,10,0.062149763107299805
cudf,parquet,10000000,11,0.06191253662109375
cudf,parquet,10000000,12,0.06150627136230469
cudf,parquet,15000000,1,0.21785569190979004
cudf,parquet,15000000,2,0.06933903694152832
cudf,parquet,15000000,3,0.07380175590515137
cudf,parquet,15000000,4,0.06462907791137695
cudf,parquet,15000000,5,0.06442999839782715
cudf,parquet,15000000,6,0.06516265869140625
cudf,parquet,15000000,7,0.06488776206970215
cudf,parquet,15000000,8,0.06504249572753906
cudf,parquet,15000000,9,0.06625056266784668
cudf,parquet,15000000,10,0.0739433765411377
cudf,parquet,15000000,11,0.06548714637756348
cudf,parquet,15000000,12,0.06522130966186523
cudf,parquet,20000000,1,0.2407240867614746
cudf,parquet,20000000,2,0.07104945182800293
cudf,parquet,20000000,3,0.07015728950500488
cudf,parquet,20000000,4,0.06981110572814941
cudf,parquet,20000000,5,0.06954145431518555
cudf,parquet,20000000,6,0.06891512870788574
cudf,parquet,20000000,7,0.07530808448791504
cudf,parquet,20000000,8,0.0700836181640625
cudf,parquet,20000000,9,0.06912660598754883
cudf,parquet,20000000,10,0.06905961036682129
cudf,parquet,20000000,11,0.0686330795288086
cudf,parquet,20000000,12,0.0682523250579834
cudf,parquet,25000000,1,0.24820208549499512
cudf,parquet,25000000,2,0.07444405555725098
cudf,parquet,25000000,3,0.07315921783447266
cudf,parquet,25000000,4,0.07227945327758789
cudf,parquet,25000000,5,0.07463359832763672
cudf,parquet,25000000,6,0.08117508888244629
cudf,parquet,25000000,7,0.07271552085876465
cudf,parquet,25000000,8,0.07290267944335938
cudf,parquet,25000000,9,0.0740962028503418
cudf,parquet,25000000,10,0.07416462898254395
cudf,parquet,25000000,11,0.07231807708740234
cudf,parquet,25000000,12,0.07289695739746094
cudf,parquet,30000000,1,0.2620220184326172
cudf,parquet,30000000,2,0.08376955986022949
cudf,parquet,30000000,3,0.07720422744750977
cudf,parquet,30000000,4,0.0758509635925293
cudf,parquet,30000000,5,0.07578134536743164
cudf,parquet,30000000,6,0.07628273963928223
cudf,parquet,30000000,7,0.0758516788482666
cudf,parquet,30000000,8,0.07641172409057617
cudf,parquet,30000000,9,0.07685589790344238
cudf,parquet,30000000,10,0.08376288414001465
cudf,parquet,30000000,11,0.0759727954864502
cudf,parquet,30000000,12,0.07662510871887207
cudf,parquet,35000000,1,0.28025293350219727
cudf,parquet,35000000,2,0.07896590232849121
cudf,parquet,35000000,3,0.07914042472839355
cudf,parquet,35000000,4,0.07929062843322754
cudf,parquet,35000000,5,0.08482003211975098
cudf,parquet,35000000,6,0.07993102073669434
cudf,parquet,35000000,7,0.08006978034973145
cudf,parquet,35000000,8,0.0802161693572998
cudf,parquet,35000000,9,0.07968354225158691
cudf,parquet,35000000,10,0.07885885238647461
cudf,parquet,35000000,11,0.08129024505615234
cudf,parquet,35000000,12,0.08101391792297363
cudf,parquet,40000000,1,0.29502320289611816
cudf,parquet,40000000,2,0.08388471603393555
cudf,parquet,40000000,3,0.08385634422302246
cudf,parquet,40000000,4,0.0842134952545166
cudf,parquet,40000000,5,0.08378720283508301
cudf,parquet,40000000,6,0.0842447280883789
cudf,parquet,40000000,7,0.08306574821472168
cudf,parquet,40000000,8,0.08303332328796387
cudf,parquet,40000000,9,0.08254051208496094
cudf,parquet,40000000,10,0.08365249633789062
cudf,parquet,40000000,11,0.0823216438293457
cudf,parquet,40000000,12,0.08334875106811523
cudf,parquet,45000000,1,0.3081357479095459
cudf,parquet,45000000,2,0.08614969253540039
cudf,parquet,45000000,3,0.08737874031066895
cudf,parquet,45000000,4,0.0844271183013916
cudf,parquet,45000000,5,0.0842435359954834
cudf,parquet,45000000,6,0.08647823333740234
cudf,parquet,45000000,7,0.09378600120544434
cudf,parquet,45000000,8,0.08618497848510742
cudf,parquet,45000000,9,0.0866546630859375
cudf,parquet,45000000,10,0.0870048999786377
cudf,parquet,45000000,11,0.08714413642883301
cudf,parquet,45000000,12,0.09525346755981445
cudf,parquet,50000000,1,0.32445812225341797
cudf,parquet,50000000,2,0.09895777702331543
cudf,parquet,50000000,3,0.0911717414855957
cudf,parquet,50000000,4,0.08777713775634766
cudf,parquet,50000000,5,0.08832550048828125
cudf,parquet,50000000,6,0.09133601188659668
cudf,parquet,50000000,7,0.09938597679138184
cudf,parquet,50000000,8,0.09071993827819824
cudf,parquet,50000000,9,0.09153032302856445
cudf,parquet,50000000,10,0.09057998657226562
cudf,parquet,50000000,11,0.0900278091430664
cudf,parquet,50000000,12,0.09263992309570312
cudf,parquet,55000000,1,0.3432161808013916
cudf,parquet,55000000,2,0.09209251403808594
cudf,parquet,55000000,3,0.09414267539978027
cudf,parquet,55000000,4,0.0940237045288086
cudf,parquet,55000000,5,0.09440493583679199
cudf,parquet,55000000,6,0.10192418098449707
cudf,parquet,55000000,7,0.09473681449890137
cudf,parquet,55000000,8,0.09336662292480469
cudf,parquet,55000000,9,0.09425497055053711
cudf,parquet,55000000,10,0.09378838539123535
cudf,parquet,55000000,11,0.09693050384521484
cudf,parquet,55000000,12,0.09450578689575195
cudf,parquet,60000000,1,0.35930824279785156
cudf,parquet,60000000,2,0.09783101081848145
cudf,parquet,60000000,3,0.09797167778015137
cudf,parquet,60000000,4,0.09859132766723633
cudf,parquet,60000000,5,0.09785079956054688
cudf,parquet,60000000,6,0.09804296493530273
cudf,parquet,60000000,7,0.09772539138793945
cudf,parquet,60000000,8,0.10008049011230469
cudf,parquet,60000000,9,0.10011506080627441
cudf,parquet,60000000,10,0.09701919555664062
cudf,parquet,60000000,11,0.0999150276184082
cudf,parquet,60000000,12,0.09837198257446289
cudf,parquet,65000000,1,0.3821141719818115
cudf,parquet,65000000,2,0.10169625282287598
cudf,parquet,65000000,3,0.10299301147460938
cudf,parquet,65000000,4,0.10237860679626465
cudf,parquet,65000000,5,0.10282588005065918
cudf,parquet,65000000,6,0.11383891105651855
cudf,parquet,65000000,7,0.10315299034118652
cudf,parquet,65000000,8,0.10226583480834961
cudf,parquet,65000000,9,0.10436606407165527
cudf,parquet,65000000,10,0.10851049423217773
cudf,parquet,65000000,11,0.10329461097717285
cudf,parquet,65000000,12,0.10268616676330566
cudf,parquet,70000000,1,0.39519524574279785
cudf,parquet,70000000,2,0.1045694351196289
cudf,parquet,70000000,3,0.1146085262298584
cudf,parquet,70000000,4,0.10222864151000977
cudf,parquet,70000000,5,0.1042025089263916
cudf,parquet,70000000,6,0.10465455055236816
cudf,parquet,70000000,7,0.10523176193237305
cudf,parquet,70000000,8,0.10647368431091309
cudf,parquet,70000000,9,0.10626745223999023
cudf,parquet,70000000,10,0.10714888572692871
cudf,parquet,70000000,11,0.10595154762268066
cudf,parquet,70000000,12,0.1146392822265625
cudf,parquet,75000000,1,0.4084954261779785
cudf,parquet,75000000,2,0.10965728759765625
cudf,parquet,75000000,3,0.11882877349853516
cudf,parquet,75000000,4,0.10982275009155273
cudf,parquet,75000000,5,0.10890889167785645
cudf,parquet,75000000,6,0.10885906219482422
cudf,parquet,75000000,7,0.11727166175842285
cudf,parquet,75000000,8,0.10831618309020996
cudf,parquet,75000000,9,0.1087958812713623
cudf,parquet,75000000,10,0.10902142524719238
cudf,parquet,75000000,11,0.1093292236328125
cudf,parquet,75000000,12,0.14628148078918457
cudf,parquet,80000000,1,0.42409610748291016
cudf,parquet,80000000,2,0.11083126068115234
cudf,parquet,80000000,3,0.12130331993103027
cudf,parquet,80000000,4,0.10946536064147949
cudf,parquet,80000000,5,0.10827088356018066
cudf,parquet,80000000,6,0.1131594181060791
cudf,parquet,80000000,7,0.11225318908691406
cudf,parquet,80000000,8,0.11326718330383301
cudf,parquet,80000000,9,0.11298346519470215
cudf,parquet,80000000,10,0.11358237266540527
cudf,parquet,80000000,11,0.11330866813659668
cudf,parquet,80000000,12,0.1224508285522461
cudf,parquet,85000000,1,0.4452202320098877
cudf,parquet,85000000,2,0.11625504493713379
cudf,parquet,85000000,3,0.12692952156066895
cudf,parquet,85000000,4,0.11887812614440918
cudf,parquet,85000000,5,0.11729884147644043
cudf,parquet,85000000,6,0.11839151382446289
cudf,parquet,85000000,7,0.1259901523590088
cudf,parquet,85000000,8,0.11784100532531738
cudf,parquet,85000000,9,0.11793923377990723
cudf,parquet,85000000,10,0.11784601211547852
cudf,parquet,85000000,11,0.20517277717590332
cudf,parquet,85000000,12,0.20025944709777832
cudf,parquet,90000000,1,0.46754002571105957
cudf,parquet,90000000,2,0.11827731132507324
cudf,parquet,90000000,3,0.12340474128723145
cudf,parquet,90000000,4,0.1214914321899414
cudf,parquet,90000000,5,0.12210988998413086
cudf,parquet,90000000,6,0.12282538414001465
cudf,parquet,90000000,7,0.12081265449523926
cudf,parquet,90000000,8,0.12195467948913574
cudf,parquet,90000000,9,0.1306772232055664
cudf,parquet,90000000,10,0.17602825164794922
cudf,parquet,90000000,11,0.20717716217041016
cudf,parquet,90000000,12,0.20692920684814453
cudf,parquet,95000000,1,0.47862863540649414
cudf,parquet,95000000,2,0.12269926071166992
cudf,parquet,95000000,3,0.12500309944152832
cudf,parquet,95000000,4,0.1255805492401123
cudf,parquet,95000000,5,0.129380464553833
cudf,parquet,95000000,6,0.12347698211669922
cudf,parquet,95000000,7,0.12458658218383789
cudf,parquet,95000000,8,0.12526726722717285
cudf,parquet,95000000,9,0.14739584922790527
cudf,parquet,95000000,10,0.21400952339172363
cudf,parquet,95000000,11,0.21653532981872559
cudf,parquet,95000000,12,0.21472692489624023
cudf,parquet,100000000,1,0.49610066413879395
cudf,parquet,100000000,2,0.12711620330810547
cudf,parquet,100000000,3,0.12941789627075195
cudf,parquet,100000000,4,0.13908147811889648
cudf,parquet,100000000,5,0.12848711013793945
cudf,parquet,100000000,6,0.12928414344787598
cudf,parquet,100000000,7,0.13055825233459473
cudf,parquet,100000000,8,0.134019136428833
cudf,parquet,100000000,9,0.2017500400543213
cudf,parquet,100000000,10,0.22513675689697266
cudf,parquet,100000000,11,0.2254030704498291
cudf,parquet,100000000,12,0.48410916328430176
cudf,parquet,125000000,1,0.588651180267334
cudf,parquet,125000000,2,0.14857268333435059
cudf,parquet,125000000,3,0.15814828872680664
cudf,parquet,125000000,4,0.15094709396362305
cudf,parquet,125000000,5,0.15158677101135254
cudf,parquet,125000000,6,0.14904356002807617
cudf,parquet,125000000,7,0.2398686408996582
cudf,parquet,125000000,8,0.26978564262390137
cudf,parquet,125000000,9,0.26904892921447754
cudf,parquet,125000000,10,0.40254878997802734
cudf,parquet,125000000,11,0.6733403205871582
cudf,parquet,125000000,12,0.7456786632537842
cudf,parquet,150000000,1,0.6719560623168945
cudf,parquet,150000000,2,0.16802120208740234
cudf,parquet,150000000,3,0.17289423942565918
cudf,parquet,150000000,4,0.17434239387512207
cudf,parquet,150000000,5,0.16759634017944336
cudf,parquet,150000000,6,0.17581701278686523
cudf,parquet,150000000,7,0.17429661750793457
cudf,parquet,150000000,8,0.3153860569000244
cudf,parquet,150000000,9,0.3160223960876465
cudf,parquet,150000000,10,0.3151512145996094
cudf,parquet,150000000,11,0.3160223960876465
cudf,parquet,150000000,12,0.6308257579803467
cudf,parquet,175000000,1,0.7678523063659668
cudf,parquet,175000000,2,0.18863654136657715
cudf,parquet,175000000,3,0.19369220733642578
cudf,parquet,175000000,4,0.19469571113586426
cudf,parquet,175000000,5,0.32146167755126953
cudf,parquet,175000000,6,0.3689148426055908
cudf,parquet,175000000,7,0.366896390914917
cudf,parquet,175000000,8,0.3677513599395752
cudf,parquet,175000000,9,0.4857809543609619
cudf,parquet,175000000,10,1.651278018951416
cudf,parquet,175000000,11,2.172631025314331
cudf,parquet,175000000,12,2.0076863765716553
cudf,parquet,200000000,1,0.9059433937072754
cudf,parquet,200000000,2,0.20963430404663086
cudf,parquet,200000000,3,0.21355438232421875
cudf,parquet,200000000,4,0.3039696216583252
cudf,parquet,200000000,5,0.4179880619049072
cudf,parquet,200000000,6,0.410888671875
cudf,parquet,200000000,7,0.4035837650299072
cudf,parquet,200000000,8,0.40331029891967773
cudf,parquet,200000000,9,0.42625927925109863
cudf,parquet,200000000,10,1.0724601745605469
cudf,parquet,200000000,11,2.4618382453918457
cudf,parquet,200000000,12,3.920754909515381
